Filename,Predictions
Alilaguna/20130412_064059_20202.jpg,Mototopo
Alilaguna/20130412_064800_22567.jpg,Mototopo
Alilaguna/20130412_071134_27699.jpg,Mototopo
Alilaguna/20130412_081732_42589.jpg,Mototopo
Alilaguna/20130412_084027_47543.jpg,Mototopo
Alilaguna/20130412_091059_54514.jpg,Mototopo
Alilaguna/20130412_091756_56132.jpg,Mototopo
Alilaguna/20130412_094751_63279.jpg,Mototopo
Alilaguna/20130412_104011_74899.jpg,Mototopo
Alilaguna/20130412_104955_77475.jpg,Mototopo
Alilaguna/20130412_111230_82170.jpg,Mototopo
Alilaguna/20130412_111652_83313.jpg,Mototopo
Alilaguna/20130412_114019_89114.jpg,Lanciafino10mBianca
Alilaguna/20130412_120945_95020.jpg,Mototopo
Alilaguna/20130412_121636_96377.jpg,Mototopo
Alilaguna/20130412_124147_02623.jpg,Mototopo
Alilaguna/20130412_141056_21869.jpg,Mototopo
Alilaguna/20130412_141714_23278.jpg,Lanciafino10mMarrone
Alilaguna/20130412_154015_38289.jpg,Mototopo
Ambulanza/20130412_062317_15194.jpg,Mototopo
Ambulanza/20130412_062320_15443.jpg,Mototopo
Ambulanza/20130412_071047_27540.jpg,Mototopo
Ambulanza/20130412_073402_32131.jpg,Mototopo
Ambulanza/20130412_073609_32378.jpg,Mototopo
Ambulanza/20130412_075019_35271.jpg,Mototopo
Ambulanza/20130412_082154_43447.jpg,Mototopo
Ambulanza/20130412_082333_43956.jpg,Mototopo
Ambulanza/20130412_082457_44239.jpg,Mototopo
Ambulanza/20130412_084410_48635.jpg,Mototopo
Ambulanza/20130412_091651_55563.jpg,Mototopo
Ambulanza/20130412_093520_60133.jpg,Mototopo
Ambulanza/20130412_094022_61415.jpg,Mototopo
Ambulanza/20130412_100351_66191.jpg,Mototopo
Ambulanza/20130412_105833_79263.jpg,Lanciafino10mBianca
Ambulanza/20130412_115640_92430.jpg,Lanciafino10mMarrone
Ambulanza/20130412_132253_11682.jpg,Lanciafino10mMarrone
Ambulanza/20130412_133020_13086.jpg,Mototopo
Ambulanza/20130412_140811_21229.jpg,Lanciafino10mMarrone
Ambulanza/20130412_143430_26456.jpg,Mototopo
Ambulanza/20130412_145123_29260.jpg,Mototopo
Ambulanza/20130412_152924_36203.jpg,Mototopo
Barchino/20130412_055144_08007.jpg,Mototopo
Barchino/20130412_055147_08089.jpg,Lanciafino10mBianca
Barchino/20130412_055522_08585.jpg,Mototopo
Barchino/20130412_060450_10654.jpg,Mototopo
Barchino/20130412_063425_18318.jpg,Mototopo
Barchino/20130412_064543_21262.jpg,Mototopo
Barchino/20130412_064827_22596.jpg,Mototopo
Barchino/20130412_070227_25335.jpg,Mototopo
Barchino/20130412_070724_26548.jpg,Mototopo
Barchino/20130412_072541_30438.jpg,Mototopo
Barchino/20130412_074539_34527.jpg,Mototopo
Barchino/20130412_075752_37014.jpg,Patanella
Barchino/20130412_082624_44406.jpg,Mototopo
Barchino/20130412_082624_44454.jpg,Mototopo
Barchino/20130412_083723_46944.jpg,Mototopo
Barchino/20130412_091941_56473.jpg,Mototopo
Barchino/20130412_091942_56415.jpg,Mototopo
Barchino/20130412_092031_56603.jpg,Mototopo
Barchino/20130412_093609_60389.jpg,Mototopo
Barchino/20130412_093614_60440.jpg,Mototopo
Barchino/20130412_094232_62254.jpg,Mototopo
Barchino/20130412_100019_65767.jpg,Mototopo
Barchino/20130412_100027_65850.jpg,Mototopo
Barchino/20130412_100541_66873.jpg,Mototopo
Barchino/20130412_101258_68937.jpg,Mototopo
Barchino/20130412_101818_70186.jpg,Lanciafino10mBianca
Barchino/20130412_102103_70817.jpg,Lanciafino10mBianca
Barchino/20130412_102132_70918.jpg,Mototopo
Barchino/20130412_102142_70964.jpg,Mototopo
Barchino/20130412_102329_71386.jpg,Mototopo
Barchino/20130412_102607_72255.jpg,Mototopo
Barchino/20130412_103759_74199.jpg,Mototopo
Barchino/20130412_105041_77733.jpg,Mototopo
Barchino/20130412_111947_84112.jpg,Mototopo
Barchino/20130412_114350_89681.jpg,Mototopo
Barchino/20130412_122635_98614.jpg,Mototopo
Barchino/20130412_130341_07035.jpg,Mototopo
Barchino/20130412_132020_10737.jpg,Patanella
Barchino/20130412_132944_12978.jpg,Mototopo
Barchino/20130412_133539_14353.jpg,Lanciafino10mBianca
Barchino/20130412_134542_15957.jpg,Mototopo
Barchino/20130412_135130_17481.jpg,Lanciafino10mBianca
Barchino/20130412_140741_21072.jpg,Mototopo
Barchino/20130412_140742_21086.jpg,Mototopo
Barchino/20130412_140826_21345.jpg,Mototopo
Barchino/20130412_141411_22700.jpg,Mototopo
Barchino/20130412_141632_22980.jpg,Mototopo
Barchino/20130412_142331_24506.jpg,Mototopo
Barchino/20130412_142517_24779.jpg,Mototopo
Barchino/20130412_145801_30304.jpg,Mototopo
Barchino/20130412_153327_37259.jpg,Mototopo
Gondola/20130412_085832_51398.jpg,Mototopo
Gondola/20130412_085848_51414.jpg,Mototopo
Gondola/20130412_130148_06679.jpg,Mototopo
Lanciafino10m/20130412_073058_31343.jpg,Mototopo
Lanciafino10m/20130412_075538_36486.jpg,Mototopo
Lanciafino10m/20130412_081016_40147.jpg,Mototopo
Lanciafino10m/20130412_102313_71340.jpg,Mototopo
Lanciafino10m/20130412_121624_96397.jpg,Mototopo
Lanciafino10m/20130412_135810_19146.jpg,Mototopo
Lanciafino10m/20130412_152346_35221.jpg,Mototopo
Lanciafino10mBianca/20130412_051056_00724.jpg,Lanciafino10mBianca
Lanciafino10mBianca/20130412_051332_01365.jpg,Lanciafino10mBianca
Lanciafino10mBianca/20130412_051419_01593.jpg,Mototopo
Lanciafino10mBianca/20130412_051744_02232.jpg,Lanciafino10mBianca
Lanciafino10mBianca/20130412_051759_02322.jpg,Lanciafino10mBianca
Lanciafino10mBianca/20130412_052041_02781.jpg,Lanciafino10mBianca
Lanciafino10mBianca/20130412_052557_03666.jpg,Mototopo
Lanciafino10mBianca/20130412_053202_04577.jpg,Lanciafino10mBianca
Lanciafino10mBianca/20130412_053954_06077.jpg,Lanciafino10mBianca
Lanciafino10mBianca/20130412_054124_06638.jpg,Mototopo
Lanciafino10mBianca/20130412_054127_06474.jpg,Mototopo
Lanciafino10mBianca/20130412_055135_08027.jpg,Mototopo
Lanciafino10mBianca/20130412_060252_10365.jpg,Lanciafino10mBianca
Lanciafino10mBianca/20130412_060255_10346.jpg,Lanciafino10mBianca
Lanciafino10mBianca/20130412_060436_10653.jpg,Lanciafino10mBianca
Lanciafino10mBianca/20130412_060457_10683.jpg,Lanciafino10mBianca
Lanciafino10mBianca/20130412_060853_12070.jpg,Lanciafino10mBianca
Lanciafino10mBianca/20130412_060855_12080.jpg,Lanciafino10mBianca
Lanciafino10mBianca/20130412_061031_12307.jpg,Lanciafino10mBianca
Lanciafino10mBianca/20130412_061512_13291.jpg,Lanciafino10mBianca
Lanciafino10mBianca/20130412_061645_14105.jpg,Lanciafino10mBianca
Lanciafino10mBianca/20130412_061649_14195.jpg,Lanciafino10mBianca
Lanciafino10mBianca/20130412_061657_14016.jpg,Lanciafino10mBianca
Lanciafino10mBianca/20130412_061845_14406.jpg,Lanciafino10mBianca
Lanciafino10mBianca/20130412_062029_14727.jpg,Lanciafino10mBianca
Lanciafino10mBianca/20130412_062104_14900.jpg,Lanciafino10mBianca
Lanciafino10mBianca/20130412_062553_15719.jpg,Mototopo
Lanciafino10mBianca/20130412_062916_16888.jpg,Lanciafino10mBianca
Lanciafino10mBianca/20130412_062920_16950.jpg,Mototopo
Lanciafino10mBianca/20130412_063402_18402.jpg,Lanciafino10mBianca
Lanciafino10mBianca/20130412_063449_18615.jpg,Lanciafino10mBianca
Lanciafino10mBianca/20130412_063835_19699.jpg,Lanciafino10mBianca
Lanciafino10mBianca/20130412_064022_20119.jpg,Lanciafino10mBianca
Lanciafino10mBianca/20130412_064138_20236.jpg,Mototopo
Lanciafino10mBianca/20130412_065124_22946.jpg,Mototopo
Lanciafino10mBianca/20130412_065133_23006.jpg,Lanciafino10mBianca
Lanciafino10mBianca/20130412_070555_25943.jpg,Lanciafino10mBianca
Lanciafino10mBianca/20130412_070816_27019.jpg,Mototopo
Lanciafino10mBianca/20130412_070941_27255.jpg,Lanciafino10mBianca
Lanciafino10mBianca/20130412_071016_27393.jpg,Lanciafino10mBianca
Lanciafino10mBianca/20130412_071839_29318.jpg,Mototopo
Lanciafino10mBianca/20130412_071902_29457.jpg,Lanciafino10mBianca
Lanciafino10mBianca/20130412_072518_30378.jpg,Lanciafino10mBianca
Lanciafino10mBianca/20130412_072614_30499.jpg,Lanciafino10mBianca
Lanciafino10mBianca/20130412_073127_31429.jpg,Lanciafino10mBianca
Lanciafino10mBianca/20130412_073131_31570.jpg,Lanciafino10mBianca
Lanciafino10mBianca/20130412_073931_33058.jpg,Mototopo
Lanciafino10mBianca/20130412_073954_33097.jpg,Lanciafino10mBianca
Lanciafino10mBianca/20130412_074107_33474.jpg,Lanciafino10mBianca
Lanciafino10mBianca/20130412_074346_34070.jpg,Lanciafino10mBianca
Lanciafino10mBianca/20130412_074427_34214.jpg,Mototopo
Lanciafino10mBianca/20130412_074740_35047.jpg,Lanciafino10mBianca
Lanciafino10mBianca/20130412_075930_37771.jpg,Mototopo
Lanciafino10mBianca/20130412_080122_38143.jpg,Lanciafino10mBianca
Lanciafino10mBianca/20130412_080532_38831.jpg,Lanciafino10mBianca
Lanciafino10mBianca/20130412_080654_39390.jpg,Lanciafino10mBianca
Lanciafino10mBianca/20130412_080927_40012.jpg,Lanciafino10mBianca
Lanciafino10mBianca/20130412_081201_40401.jpg,Lanciafino10mBianca
Lanciafino10mBianca/20130412_081241_40893.jpg,Lanciafino10mBianca
Lanciafino10mBianca/20130412_081438_41395.jpg,Lanciafino10mBianca
Lanciafino10mBianca/20130412_081440_41413.jpg,Lanciafino10mBianca
Lanciafino10mBianca/20130412_081504_41449.jpg,Lanciafino10mBianca
Lanciafino10mBianca/20130412_081704_42362.jpg,Lanciafino10mBianca
Lanciafino10mBianca/20130412_081811_42648.jpg,Lanciafino10mBianca
Lanciafino10mBianca/20130412_082313_43752.jpg,Lanciafino10mBianca
Lanciafino10mBianca/20130412_082337_43950.jpg,Lanciafino10mBianca
Lanciafino10mBianca/20130412_082518_44236.jpg,Lanciafino10mBianca
Lanciafino10mBianca/20130412_082711_44549.jpg,Lanciafino10mBianca
Lanciafino10mBianca/20130412_082726_44822.jpg,Lanciafino10mBianca
Lanciafino10mBianca/20130412_082729_44841.jpg,Mototopo
Lanciafino10mBianca/20130412_083038_45455.jpg,Lanciafino10mBianca
Lanciafino10mBianca/20130412_083243_45759.jpg,Lanciafino10mBianca
Lanciafino10mBianca/20130412_083549_46673.jpg,VaporettoACTV
Lanciafino10mBianca/20130412_084149_48013.jpg,Lanciafino10mBianca
Lanciafino10mBianca/20130412_084306_48366.jpg,Lanciafino10mBianca
Lanciafino10mBianca/20130412_084512_48779.jpg,Lanciafino10mBianca
Lanciafino10mBianca/20130412_084539_48859.jpg,Lanciafino10mBianca
Lanciafino10mBianca/20130412_084539_48863.jpg,Lanciafino10mBianca
Lanciafino10mBianca/20130412_085033_50249.jpg,Lanciafino10mBianca
Lanciafino10mBianca/20130412_085645_51064.jpg,Lanciafino10mBianca
Lanciafino10mBianca/20130412_085647_51181.jpg,Lanciafino10mBianca
Lanciafino10mBianca/20130412_085921_51421.jpg,Lanciafino10mBianca
Lanciafino10mBianca/20130412_085923_51447.jpg,Lanciafino10mBianca
Lanciafino10mBianca/20130412_090112_51835.jpg,Lanciafino10mBianca
Lanciafino10mBianca/20130412_090635_53300.jpg,Mototopo
Lanciafino10mBianca/20130412_090635_53391.jpg,Mototopo
Lanciafino10mBianca/20130412_090747_53649.jpg,Lanciafino10mBianca
Lanciafino10mBianca/20130412_090933_54146.jpg,Lanciafino10mBianca
Lanciafino10mBianca/20130412_091114_54463.jpg,Lanciafino10mBianca
Lanciafino10mBianca/20130412_091306_54959.jpg,Lanciafino10mBianca
Lanciafino10mBianca/20130412_091420_55106.jpg,Lanciafino10mBianca
Lanciafino10mBianca/20130412_091837_56228.jpg,Lanciafino10mBianca
Lanciafino10mBianca/20130412_091934_56410.jpg,Lanciafino10mBianca
Lanciafino10mBianca/20130412_092025_56597.jpg,Lanciafino10mBianca
Lanciafino10mBianca/20130412_092342_57193.jpg,VaporettoACTV
Lanciafino10mBianca/20130412_092412_57224.jpg,Lanciafino10mBianca
Lanciafino10mBianca/20130412_092545_57616.jpg,Lanciafino10mBianca
Lanciafino10mBianca/20130412_092556_57586.jpg,Mototopo
Lanciafino10mBianca/20130412_092833_58434.jpg,Lanciafino10mBianca
Lanciafino10mBianca/20130412_093109_59127.jpg,Lanciafino10mBianca
Lanciafino10mBianca/20130412_093134_59124.jpg,Lanciafino10mBianca
Lanciafino10mBianca/20130412_093143_59154.jpg,Lanciafino10mBianca
Lanciafino10mBianca/20130412_093741_60928.jpg,Lanciafino10mBianca
Lanciafino10mBianca/20130412_094217_62022.jpg,Lanciafino10mBianca
Lanciafino10mBianca/20130412_094219_62209.jpg,Lanciafino10mBianca
Lanciafino10mBianca/20130412_094242_62311.jpg,Lanciafino10mBianca
Lanciafino10mBianca/20130412_094630_63069.jpg,Lanciafino10mBianca
Lanciafino10mBianca/20130412_094633_63240.jpg,Lanciafino10mBianca
Lanciafino10mBianca/20130412_094840_63512.jpg,Lanciafino10mBianca
Lanciafino10mBianca/20130412_094948_63640.jpg,Lanciafino10mBianca
Lanciafino10mBianca/20130412_094952_63725.jpg,Lanciafino10mBianca
Lanciafino10mBianca/20130412_095300_63990.jpg,Lanciafino10mBianca
Lanciafino10mBianca/20130412_100413_66441.jpg,Lanciafino10mBianca
Lanciafino10mBianca/20130412_100515_66830.jpg,Lanciafino10mBianca
Lanciafino10mBianca/20130412_100751_67506.jpg,Lanciafino10mBianca
Lanciafino10mBianca/20130412_100909_67850.jpg,Lanciafino10mBianca
Lanciafino10mBianca/20130412_101255_68885.jpg,Lanciafino10mBianca
Lanciafino10mBianca/20130412_101301_68947.jpg,Lanciafino10mBianca
Lanciafino10mBianca/20130412_101709_69803.jpg,Lanciafino10mBianca
Lanciafino10mBianca/20130412_101944_70652.jpg,Lanciafino10mBianca
Lanciafino10mBianca/20130412_102331_71353.jpg,Lanciafino10mBianca
Lanciafino10mBianca/20130412_102333_71381.jpg,Lanciafino10mBianca
Lanciafino10mBianca/20130412_102546_72178.jpg,Lanciafino10mBianca
Lanciafino10mBianca/20130412_102555_72193.jpg,Mototopo
Lanciafino10mBianca/20130412_102711_72305.jpg,Mototopo
Lanciafino10mBianca/20130412_102714_72375.jpg,Lanciafino10mBianca
Lanciafino10mBianca/20130412_102939_72475.jpg,Lanciafino10mBianca
Lanciafino10mBianca/20130412_103021_72594.jpg,Lanciafino10mBianca
Lanciafino10mBianca/20130412_103349_73393.jpg,Mototopo
Lanciafino10mBianca/20130412_103425_73427.jpg,Lanciafino10mBianca
Lanciafino10mBianca/20130412_103514_73662.jpg,Mototopo
Lanciafino10mBianca/20130412_103622_73955.jpg,Lanciafino10mBianca
Lanciafino10mBianca/20130412_103642_73990.jpg,Mototopo
Lanciafino10mBianca/20130412_103906_74735.jpg,Lanciafino10mBianca
Lanciafino10mBianca/20130412_103910_74643.jpg,Mototopo
Lanciafino10mBianca/20130412_104116_75354.jpg,Lanciafino10mBianca
Lanciafino10mBianca/20130412_104314_76022.jpg,Mototopo
Lanciafino10mBianca/20130412_104713_77223.jpg,Lanciafino10mBianca
Lanciafino10mBianca/20130412_104933_77465.jpg,Lanciafino10mBianca
Lanciafino10mBianca/20130412_105445_78499.jpg,Lanciafino10mBianca
Lanciafino10mBianca/20130412_105553_78641.jpg,Lanciafino10mBianca
Lanciafino10mBianca/20130412_105800_79087.jpg,Lanciafino10mBianca
Lanciafino10mBianca/20130412_110528_80361.jpg,Lanciafino10mBianca
Lanciafino10mBianca/20130412_110552_80407.jpg,Mototopo
Lanciafino10mBianca/20130412_110721_80572.jpg,Mototopo
Lanciafino10mBianca/20130412_111518_83025.jpg,Mototopo
Lanciafino10mBianca/20130412_113014_86698.jpg,Lanciafino10mBianca
Lanciafino10mBianca/20130412_113655_88411.jpg,Lanciafino10mBianca
Lanciafino10mBianca/20130412_113850_88771.jpg,Lanciafino10mBianca
Lanciafino10mBianca/20130412_113914_88824.jpg,Lanciafino10mBianca
Lanciafino10mBianca/20130412_113915_88977.jpg,Lanciafino10mBianca
Lanciafino10mBianca/20130412_114608_90429.jpg,Mototopo
Lanciafino10mBianca/20130412_115442_92132.jpg,Lanciafino10mBianca
Lanciafino10mBianca/20130412_115445_92165.jpg,Lanciafino10mBianca
Lanciafino10mBianca/20130412_115541_92253.jpg,Lanciafino10mBianca
Lanciafino10mBianca/20130412_115724_92511.jpg,Mototopo
Lanciafino10mBianca/20130412_115725_92575.jpg,Lanciafino10mBianca
Lanciafino10mBianca/20130412_115933_92968.jpg,Lanciafino10mBianca
Lanciafino10mBianca/20130412_120113_93387.jpg,Lanciafino10mBianca
Lanciafino10mBianca/20130412_120117_93321.jpg,Mototopo
Lanciafino10mBianca/20130412_120118_93375.jpg,Lanciafino10mBianca
Lanciafino10mBianca/20130412_122343_98033.jpg,Lanciafino10mBianca
Lanciafino10mBianca/20130412_122604_98509.jpg,Lanciafino10mBianca
Lanciafino10mBianca/20130412_122624_98527.jpg,Lanciafino10mBianca
Lanciafino10mBianca/20130412_123332_00365.jpg,Mototopo
Lanciafino10mBianca/20130412_123756_02109.jpg,Lanciafino10mBianca
Lanciafino10mBianca/20130412_124427_03078.jpg,Lanciafino10mBianca
Lanciafino10mBianca/20130412_124513_03115.jpg,Mototopo
Lanciafino10mBianca/20130412_125252_05040.jpg,Lanciafino10mBianca
Lanciafino10mBianca/20130412_125825_06342.jpg,Lanciafino10mBianca
Lanciafino10mBianca/20130412_130044_06641.jpg,Lanciafino10mBianca
Lanciafino10mBianca/20130412_130102_06699.jpg,Lanciafino10mBianca
Lanciafino10mBianca/20130412_131053_08440.jpg,Lanciafino10mBianca
Lanciafino10mBianca/20130412_131142_08742.jpg,Mototopo
Lanciafino10mBianca/20130412_131556_09386.jpg,Mototopo
Lanciafino10mBianca/20130412_131604_09451.jpg,Lanciafino10mBianca
Lanciafino10mBianca/20130412_131708_09534.jpg,Lanciafino10mBianca
Lanciafino10mBianca/20130412_131805_09863.jpg,Mototopo
Lanciafino10mBianca/20130412_131838_10027.jpg,Mototopo
Lanciafino10mBianca/20130412_132524_12213.jpg,Lanciafino10mBianca
Lanciafino10mBianca/20130412_132634_12351.jpg,Mototopo
Lanciafino10mBianca/20130412_132818_12882.jpg,Lanciafino10mBianca
Lanciafino10mBianca/20130412_132842_12922.jpg,Lanciafino10mBianca
Lanciafino10mBianca/20130412_132928_12952.jpg,Lanciafino10mBianca
Lanciafino10mBianca/20130412_133146_13271.jpg,Lanciafino10mBianca
Lanciafino10mBianca/20130412_133329_13972.jpg,Mototopo
Lanciafino10mBianca/20130412_133330_13885.jpg,Mototopo
Lanciafino10mBianca/20130412_133619_14537.jpg,Lanciafino10mBianca
Lanciafino10mBianca/20130412_133644_14421.jpg,Lanciafino10mBianca
Lanciafino10mBianca/20130412_133833_14761.jpg,Lanciafino10mBianca
Lanciafino10mBianca/20130412_134248_15190.jpg,Lanciafino10mBianca
Lanciafino10mBianca/20130412_135136_17462.jpg,Lanciafino10mMarrone
Lanciafino10mBianca/20130412_141137_21927.jpg,Lanciafino10mBianca
Lanciafino10mBianca/20130412_141254_22138.jpg,Mototopo
Lanciafino10mBianca/20130412_141913_23686.jpg,Lanciafino10mBianca
Lanciafino10mBianca/20130412_142118_23918.jpg,Lanciafino10mBianca
Lanciafino10mBianca/20130412_142356_24571.jpg,Mototopo
Lanciafino10mBianca/20130412_142439_24753.jpg,Mototopo
Lanciafino10mBianca/20130412_142440_24751.jpg,Lanciafino10mBianca
Lanciafino10mBianca/20130412_143648_26762.jpg,Lanciafino10mBianca
Lanciafino10mBianca/20130412_143754_26938.jpg,Lanciafino10mBianca
Lanciafino10mBianca/20130412_144006_27279.jpg,Lanciafino10mBianca
Lanciafino10mBianca/20130412_150021_30835.jpg,Lanciafino10mBianca
Lanciafino10mBianca/20130412_150512_31795.jpg,Lanciafino10mBianca
Lanciafino10mBianca/20130412_150518_31848.jpg,Lanciafino10mBianca
Lanciafino10mBianca/20130412_150521_31849.jpg,Lanciafino10mBianca
Lanciafino10mBianca/20130412_150758_32279.jpg,Lanciafino10mBianca
Lanciafino10mBianca/20130412_150943_32585.jpg,Lanciafino10mBianca
Lanciafino10mBianca/20130412_151608_33612.jpg,Lanciafino10mBianca
Lanciafino10mBianca/20130412_151755_34080.jpg,Lanciafino10mBianca
Lanciafino10mBianca/20130412_151756_34221.jpg,Lanciafino10mBianca
Lanciafino10mBianca/20130412_151917_34365.jpg,Lanciafino10mBianca
Lanciafino10mBianca/20130412_152423_35279.jpg,Lanciafino10mBianca
Lanciafino10mBianca/20130412_152816_36109.jpg,Lanciafino10mBianca
Lanciafino10mBianca/20130412_152817_35930.jpg,VaporettoACTV
Lanciafino10mBianca/20130412_153205_37068.jpg,Lanciafino10mBianca
Lanciafino10mBianca/20130412_153321_37268.jpg,Lanciafino10mBianca
Lanciafino10mMarrone/20130412_052923_04101.jpg,Lanciafino10mMarrone
Lanciafino10mMarrone/20130412_053514_05271.jpg,Lanciafino10mMarrone
Lanciafino10mMarrone/20130412_053602_05363.jpg,Lanciafino10mMarrone
Lanciafino10mMarrone/20130412_055951_09745.jpg,Lanciafino10mMarrone
Lanciafino10mMarrone/20130412_061108_12532.jpg,Lanciafino10mMarrone
Lanciafino10mMarrone/20130412_061452_13377.jpg,Lanciafino10mBianca
Lanciafino10mMarrone/20130412_062030_14759.jpg,Mototopo
Lanciafino10mMarrone/20130412_062049_14813.jpg,Mototopo
Lanciafino10mMarrone/20130412_062207_14966.jpg,Lanciafino10mMarrone
Lanciafino10mMarrone/20130412_062541_15724.jpg,Lanciafino10mMarrone
Lanciafino10mMarrone/20130412_064622_21486.jpg,Lanciafino10mMarrone
Lanciafino10mMarrone/20130412_064642_21842.jpg,Lanciafino10mMarrone
Lanciafino10mMarrone/20130412_071003_27372.jpg,Lanciafino10mMarrone
Lanciafino10mMarrone/20130412_071728_29093.jpg,Lanciafino10mMarrone
Lanciafino10mMarrone/20130412_071931_29575.jpg,Lanciafino10mMarrone
Lanciafino10mMarrone/20130412_072350_30204.jpg,Mototopo
Lanciafino10mMarrone/20130412_072401_30240.jpg,Lanciafino10mMarrone
Lanciafino10mMarrone/20130412_074003_33310.jpg,Lanciafino10mMarrone
Lanciafino10mMarrone/20130412_075537_36588.jpg,Lanciafino10mMarrone
Lanciafino10mMarrone/20130412_080153_38349.jpg,Lanciafino10mMarrone
Lanciafino10mMarrone/20130412_080157_38389.jpg,Lanciafino10mMarrone
Lanciafino10mMarrone/20130412_081143_40485.jpg,Mototopo
Lanciafino10mMarrone/20130412_081236_40900.jpg,Mototopo
Lanciafino10mMarrone/20130412_081418_41166.jpg,Lanciafino10mMarrone
Lanciafino10mMarrone/20130412_081445_41383.jpg,Lanciafino10mMarrone
Lanciafino10mMarrone/20130412_081859_42868.jpg,Lanciafino10mMarrone
Lanciafino10mMarrone/20130412_082043_43156.jpg,Mototopo
Lanciafino10mMarrone/20130412_082611_44351.jpg,Lanciafino10mMarrone
Lanciafino10mMarrone/20130412_083011_45393.jpg,Lanciafino10mMarrone
Lanciafino10mMarrone/20130412_083258_45904.jpg,Lanciafino10mMarrone
Lanciafino10mMarrone/20130412_083827_47140.jpg,Lanciafino10mMarrone
Lanciafino10mMarrone/20130412_084225_48326.jpg,Lanciafino10mMarrone
Lanciafino10mMarrone/20130412_085557_50894.jpg,Lanciafino10mMarrone
Lanciafino10mMarrone/20130412_085600_51025.jpg,Lanciafino10mMarrone
Lanciafino10mMarrone/20130412_085640_51090.jpg,Lanciafino10mMarrone
Lanciafino10mMarrone/20130412_090623_53362.jpg,Lanciafino10mMarrone
Lanciafino10mMarrone/20130412_091236_54699.jpg,Lanciafino10mMarrone
Lanciafino10mMarrone/20130412_091250_54745.jpg,Lanciafino10mMarrone
Lanciafino10mMarrone/20130412_091402_55026.jpg,Lanciafino10mMarrone
Lanciafino10mMarrone/20130412_091413_55000.jpg,Lanciafino10mMarrone
Lanciafino10mMarrone/20130412_091605_55337.jpg,Mototopo
Lanciafino10mMarrone/20130412_092217_56900.jpg,Lanciafino10mMarrone
Lanciafino10mMarrone/20130412_092435_57253.jpg,Lanciafino10mMarrone
Lanciafino10mMarrone/20130412_093223_59272.jpg,Lanciafino10mMarrone
Lanciafino10mMarrone/20130412_093226_59306.jpg,Lanciafino10mMarrone
Lanciafino10mMarrone/20130412_093306_59304.jpg,Lanciafino10mMarrone
Lanciafino10mMarrone/20130412_094326_62543.jpg,Mototopo
Lanciafino10mMarrone/20130412_095745_65069.jpg,Lanciafino10mBianca
Lanciafino10mMarrone/20130412_095816_65400.jpg,Lanciafino10mMarrone
Lanciafino10mMarrone/20130412_100028_65742.jpg,Lanciafino10mMarrone
Lanciafino10mMarrone/20130412_100136_66020.jpg,Mototopo
Lanciafino10mMarrone/20130412_100654_67132.jpg,Lanciafino10mMarrone
Lanciafino10mMarrone/20130412_100822_67566.jpg,Lanciafino10mMarrone
Lanciafino10mMarrone/20130412_100856_67729.jpg,Mototopo
Lanciafino10mMarrone/20130412_103616_73957.jpg,Mototopo
Lanciafino10mMarrone/20130412_104517_76211.jpg,Lanciafino10mMarrone
Lanciafino10mMarrone/20130412_105249_78319.jpg,Mototopo
Lanciafino10mMarrone/20130412_105250_78067.jpg,Mototopo
Lanciafino10mMarrone/20130412_105823_79157.jpg,Lanciafino10mMarrone
Lanciafino10mMarrone/20130412_105858_79207.jpg,Lanciafino10mMarrone
Lanciafino10mMarrone/20130412_105907_79379.jpg,Lanciafino10mMarrone
Lanciafino10mMarrone/20130412_105909_79430.jpg,Lanciafino10mMarrone
Lanciafino10mMarrone/20130412_110222_79705.jpg,Lanciafino10mMarrone
Lanciafino10mMarrone/20130412_110746_80828.jpg,Lanciafino10mMarrone
Lanciafino10mMarrone/20130412_110749_80837.jpg,Mototopo
Lanciafino10mMarrone/20130412_112211_84724.jpg,Mototopo
Lanciafino10mMarrone/20130412_112753_85952.jpg,Mototopo
Lanciafino10mMarrone/20130412_113701_88450.jpg,Lanciafino10mMarrone
Lanciafino10mMarrone/20130412_114005_89227.jpg,Mototopo
Lanciafino10mMarrone/20130412_114043_89291.jpg,Mototopo
Lanciafino10mMarrone/20130412_114848_90883.jpg,Lanciafino10mBianca
Lanciafino10mMarrone/20130412_114901_90917.jpg,Mototopo
Lanciafino10mMarrone/20130412_115907_92804.jpg,Lanciafino10mMarrone
Lanciafino10mMarrone/20130412_121050_95405.jpg,Mototopo
Lanciafino10mMarrone/20130412_121051_95251.jpg,Lanciafino10mMarrone
Lanciafino10mMarrone/20130412_122439_98221.jpg,Mototopo
Lanciafino10mMarrone/20130412_123016_99649.jpg,Lanciafino10mMarrone
Lanciafino10mMarrone/20130412_123529_00999.jpg,Lanciafino10mMarrone
Lanciafino10mMarrone/20130412_124028_02297.jpg,Lanciafino10mMarrone
Lanciafino10mMarrone/20130412_124031_02472.jpg,Mototopo
Lanciafino10mMarrone/20130412_124345_02976.jpg,Lanciafino10mMarrone
Lanciafino10mMarrone/20130412_124352_03050.jpg,Lanciafino10mMarrone
Lanciafino10mMarrone/20130412_125313_05163.jpg,Lanciafino10mMarrone
Lanciafino10mMarrone/20130412_125510_05787.jpg,Mototopo
Lanciafino10mMarrone/20130412_130052_06646.jpg,Lanciafino10mBianca
Lanciafino10mMarrone/20130412_130950_08409.jpg,Lanciafino10mMarrone
Lanciafino10mMarrone/20130412_130954_08368.jpg,Lanciafino10mMarrone
Lanciafino10mMarrone/20130412_131337_09099.jpg,Lanciafino10mMarrone
Lanciafino10mMarrone/20130412_131359_09246.jpg,Lanciafino10mMarrone
Lanciafino10mMarrone/20130412_131846_10129.jpg,Lanciafino10mMarrone
Lanciafino10mMarrone/20130412_131908_10237.jpg,Lanciafino10mMarrone
Lanciafino10mMarrone/20130412_133358_13964.jpg,Lanciafino10mMarrone
Lanciafino10mMarrone/20130412_133858_14810.jpg,Lanciafino10mMarrone
Lanciafino10mMarrone/20130412_134301_15450.jpg,Lanciafino10mMarrone
Lanciafino10mMarrone/20130412_134539_15891.jpg,Lanciafino10mMarrone
Lanciafino10mMarrone/20130412_135023_17250.jpg,Lanciafino10mMarrone
Lanciafino10mMarrone/20130412_135056_17213.jpg,Lanciafino10mMarrone
Lanciafino10mMarrone/20130412_135058_17369.jpg,Lanciafino10mMarrone
Lanciafino10mMarrone/20130412_135340_17900.jpg,Lanciafino10mMarrone
Lanciafino10mMarrone/20130412_135750_19095.jpg,Lanciafino10mMarrone
Lanciafino10mMarrone/20130412_135834_19128.jpg,Lanciafino10mMarrone
Lanciafino10mMarrone/20130412_141546_22893.jpg,Lanciafino10mMarrone
Lanciafino10mMarrone/20130412_141548_22919.jpg,Lanciafino10mMarrone
Lanciafino10mMarrone/20130412_141821_23552.jpg,Lanciafino10mMarrone
Lanciafino10mMarrone/20130412_142011_23703.jpg,Lanciafino10mMarrone
Lanciafino10mMarrone/20130412_142102_23848.jpg,Lanciafino10mMarrone
Lanciafino10mMarrone/20130412_142645_25080.jpg,Mototopo
Lanciafino10mMarrone/20130412_143453_26565.jpg,Mototopo
Lanciafino10mMarrone/20130412_143912_27170.jpg,Lanciafino10mMarrone
Lanciafino10mMarrone/20130412_143914_27144.jpg,Lanciafino10mMarrone
Lanciafino10mMarrone/20130412_144328_27845.jpg,Lanciafino10mMarrone
Lanciafino10mMarrone/20130412_144331_27858.jpg,Lanciafino10mMarrone
Lanciafino10mMarrone/20130412_144336_27849.jpg,Lanciafino10mMarrone
Lanciafino10mMarrone/20130412_145114_29194.jpg,Mototopo
Lanciafino10mMarrone/20130412_145508_29679.jpg,Lanciafino10mMarrone
Lanciafino10mMarrone/20130412_145620_29920.jpg,Lanciafino10mMarrone
Lanciafino10mMarrone/20130412_145717_30105.jpg,Lanciafino10mMarrone
Lanciafino10mMarrone/20130412_150303_31413.jpg,Lanciafino10mMarrone
Lanciafino10mMarrone/20130412_150948_32602.jpg,Lanciafino10mMarrone
Lanciafino10mMarrone/20130412_150951_32640.jpg,Lanciafino10mMarrone
Lanciafino10mMarrone/20130412_151418_33282.jpg,Lanciafino10mMarrone
Lanciafino10mMarrone/20130412_151522_33391.jpg,Lanciafino10mMarrone
Lanciafino10mMarrone/20130412_151719_33752.jpg,Lanciafino10mMarrone
Lanciafino10mMarrone/20130412_152847_36045.jpg,Lanciafino10mMarrone
Lanciafino10mMarrone/20130412_153735_37718.jpg,Lanciafino10mMarrone
Lanciamaggioredi10mBianca/20130412_053633_05533.jpg,Mototopo
Lanciamaggioredi10mBianca/20130412_061611_13967.jpg,Lanciafino10mBianca
Lanciamaggioredi10mBianca/20130412_074132_33631.jpg,Lanciafino10mBianca
Lanciamaggioredi10mBianca/20130412_101234_68698.jpg,Lanciafino10mBianca
Lanciamaggioredi10mBianca/20130412_141405_22568.jpg,Lanciafino10mBianca
Lanciamaggioredi10mBianca/20130412_142438_24740.jpg,Lanciafino10mBianca
Motobarca/20130412_043117_54573.jpg,Mototopo
Motobarca/20130412_044052_55916.jpg,Mototopo
Motobarca/20130412_044959_57250.jpg,Mototopo
Motobarca/20130412_045849_58413.jpg,Mototopo
Motobarca/20130412_050934_00535.jpg,Mototopo
Motobarca/20130412_051635_01995.jpg,Mototopo
Motobarca/20130412_051653_02010.jpg,Mototopo
Motobarca/20130412_051655_02140.jpg,Mototopo
Motobarca/20130412_053126_04358.jpg,Mototopo
Motobarca/20130412_053802_05713.jpg,Mototopo
Motobarca/20130412_054004_05857.jpg,Mototopo
Motobarca/20130412_054028_06122.jpg,Mototopo
Motobarca/20130412_054621_07219.jpg,Mototopo
Motobarca/20130412_063954_20108.jpg,Mototopo
Motobarca/20130412_064025_19978.jpg,Mototopo
Motobarca/20130412_065452_23606.jpg,Mototopo
Motobarca/20130412_065933_24624.jpg,Mototopo
Motobarca/20130412_071836_29377.jpg,Mototopo
Motobarca/20130412_074459_34306.jpg,Mototopo
Motobarca/20130412_074514_34213.jpg,Mototopo
Motobarca/20130412_074542_34363.jpg,Lanciafino10mBianca
Motobarca/20130412_074549_34488.jpg,Mototopo
Motobarca/20130412_074924_35209.jpg,Mototopo
Motobarca/20130412_075637_36757.jpg,Mototopo
Motobarca/20130412_075655_36714.jpg,Mototopo
Motobarca/20130412_082028_43053.jpg,Mototopo
Motobarca/20130412_083028_45491.jpg,Mototopo
Motobarca/20130412_084530_48790.jpg,Lanciafino10mBianca
Motobarca/20130412_084704_49216.jpg,Mototopo
Motobarca/20130412_085636_51154.jpg,Mototopo
Motobarca/20130412_090221_52223.jpg,Mototopo
Motobarca/20130412_090224_51829.jpg,Mototopo
Motobarca/20130412_090249_52296.jpg,Mototopo
Motobarca/20130412_090807_53638.jpg,Mototopo
Motobarca/20130412_091839_56226.jpg,Mototopo
Motobarca/20130412_092039_56536.jpg,Mototopo
Motobarca/20130412_092523_57451.jpg,Mototopo
Motobarca/20130412_093754_60907.jpg,Mototopo
Motobarca/20130412_094718_63236.jpg,Mototopo
Motobarca/20130412_094925_63497.jpg,Mototopo
Motobarca/20130412_095542_64566.jpg,Mototopo
Motobarca/20130412_095822_65070.jpg,Mototopo
Motobarca/20130412_102429_71642.jpg,Lanciafino10mMarrone
Motobarca/20130412_104921_77365.jpg,Mototopo
Motobarca/20130412_104925_77510.jpg,Mototopo
Motobarca/20130412_105423_78412.jpg,Mototopo
Motobarca/20130412_111755_83647.jpg,Mototopo
Motobarca/20130412_111757_83635.jpg,Mototopo
Motobarca/20130412_112302_84997.jpg,Mototopo
Motobarca/20130412_122634_98486.jpg,Mototopo
Motobarca/20130412_123833_02136.jpg,Mototopo
Motobarca/20130412_123837_02235.jpg,Mototopo
Motobarca/20130412_133028_13199.jpg,Mototopo
Motobarca/20130412_133810_14398.jpg,Mototopo
Motobarca/20130412_140045_19950.jpg,Mototopo
Motobarca/20130412_140047_19972.jpg,Mototopo
Motobarca/20130412_140049_19778.jpg,Patanella
Motobarca/20130412_142518_24798.jpg,Mototopo
Motobarca/20130412_143945_27262.jpg,Mototopo
Motopontonerettangolare/20130412_080642_39051.jpg,Motopontonerettangolare
Motopontonerettangolare/20130412_100920_67656.jpg,Mototopo
Motopontonerettangolare/20130412_125205_04517.jpg,Motopontonerettangolare
MotoscafoACTV/20130412_044754_56936.jpg,Mototopo
Mototopo/20130412_043218_54895.jpg,Mototopo
Mototopo/20130412_043335_55056.jpg,Mototopo
Mototopo/20130412_043521_55307.jpg,Mototopo
Mototopo/20130412_043722_55609.jpg,Mototopo
Mototopo/20130412_043731_55595.jpg,Mototopo
Mototopo/20130412_044205_56083.jpg,Mototopo
Mototopo/20130412_044209_56181.jpg,Mototopo
Mototopo/20130412_044229_56284.jpg,Mototopo
Mototopo/20130412_044633_56695.jpg,Mototopo
Mototopo/20130412_044915_57075.jpg,Mototopo
Mototopo/20130412_044934_57058.jpg,Mototopo
Mototopo/20130412_045408_57802.jpg,Mototopo
Mototopo/20130412_045655_58144.jpg,Mototopo
Mototopo/20130412_045659_58287.jpg,Mototopo
Mototopo/20130412_050022_58576.jpg,Mototopo
Mototopo/20130412_050026_58675.jpg,Mototopo
Mototopo/20130412_050625_00032.jpg,Mototopo
Mototopo/20130412_051223_01265.jpg,Mototopo
Mototopo/20130412_051406_01449.jpg,Lanciafino10mMarrone
Mototopo/20130412_051406_01513.jpg,Mototopo
Mototopo/20130412_051419_01512.jpg,Mototopo
Mototopo/20130412_051524_01782.jpg,Mototopo
Mototopo/20130412_051527_01833.jpg,Mototopo
Mototopo/20130412_051637_01901.jpg,Mototopo
Mototopo/20130412_051640_02084.jpg,Mototopo
Mototopo/20130412_051645_02113.jpg,Mototopo
Mototopo/20130412_051714_02193.jpg,Mototopo
Mototopo/20130412_051926_02614.jpg,Mototopo
Mototopo/20130412_051947_02641.jpg,Mototopo
Mototopo/20130412_052151_03006.jpg,Mototopo
Mototopo/20130412_052211_03108.jpg,Mototopo
Mototopo/20130412_052241_03089.jpg,Mototopo
Mototopo/20130412_052309_03153.jpg,Mototopo
Mototopo/20130412_052733_03888.jpg,Mototopo
Mototopo/20130412_052804_03901.jpg,Mototopo
Mototopo/20130412_052935_04086.jpg,Mototopo
Mototopo/20130412_052951_04122.jpg,Mototopo
Mototopo/20130412_052953_04230.jpg,Mototopo
Mototopo/20130412_052955_04214.jpg,Mototopo
Mototopo/20130412_053027_04249.jpg,Mototopo
Mototopo/20130412_053056_04298.jpg,Mototopo
Mototopo/20130412_053227_04650.jpg,Lanciafino10mMarrone
Mototopo/20130412_053349_05106.jpg,Mototopo
Mototopo/20130412_053406_05127.jpg,Mototopo
Mototopo/20130412_053547_05305.jpg,Mototopo
Mototopo/20130412_053711_05645.jpg,Mototopo
Mototopo/20130412_053754_05683.jpg,Mototopo
Mototopo/20130412_054050_06439.jpg,Mototopo
Mototopo/20130412_054104_06377.jpg,Mototopo
Mototopo/20130412_054216_06719.jpg,Mototopo
Mototopo/20130412_054404_06909.jpg,Mototopo
Mototopo/20130412_054405_06745.jpg,Mototopo
Mototopo/20130412_054409_06919.jpg,Mototopo
Mototopo/20130412_054506_06900.jpg,Mototopo
Mototopo/20130412_054509_07053.jpg,Mototopo
Mototopo/20130412_054638_07248.jpg,Mototopo
Mototopo/20130412_054935_07609.jpg,Mototopo
Mototopo/20130412_055014_07719.jpg,Mototopo
Mototopo/20130412_055058_07897.jpg,Mototopo
Mototopo/20130412_055231_08163.jpg,Mototopo
Mototopo/20130412_055549_08767.jpg,Mototopo
Mototopo/20130412_055709_09250.jpg,Mototopo
Mototopo/20130412_055916_09753.jpg,Mototopo
Mototopo/20130412_060049_10081.jpg,Mototopo
Mototopo/20130412_060131_10100.jpg,Mototopo
Mototopo/20130412_060225_10252.jpg,Mototopo
Mototopo/20130412_060414_10453.jpg,Mototopo
Mototopo/20130412_060437_10647.jpg,Mototopo
Mototopo/20130412_060630_11009.jpg,Mototopo
Mototopo/20130412_060940_12029.jpg,Mototopo
Mototopo/20130412_061009_12241.jpg,Mototopo
Mototopo/20130412_061058_12496.jpg,Lanciafino10mMarrone
Mototopo/20130412_061140_12556.jpg,Mototopo
Mototopo/20130412_061216_12728.jpg,Mototopo
Mototopo/20130412_061426_13285.jpg,Mototopo
Mototopo/20130412_061510_13479.jpg,Mototopo
Mototopo/20130412_061633_13952.jpg,Mototopo
Mototopo/20130412_061739_14273.jpg,Mototopo
Mototopo/20130412_061742_14320.jpg,Mototopo
Mototopo/20130412_062231_14848.jpg,Mototopo
Mototopo/20130412_062408_15548.jpg,Mototopo
Mototopo/20130412_062447_15539.jpg,Mototopo
Mototopo/20130412_062449_15643.jpg,Mototopo
Mototopo/20130412_062600_15873.jpg,Mototopo
Mototopo/20130412_062759_16738.jpg,Mototopo
Mototopo/20130412_063007_16968.jpg,Mototopo
Mototopo/20130412_063930_20016.jpg,Mototopo
Mototopo/20130412_064345_20880.jpg,Mototopo
Mototopo/20130412_064521_21258.jpg,Mototopo
Mototopo/20130412_064719_21860.jpg,Mototopo
Mototopo/20130412_064805_22335.jpg,Mototopo
Mototopo/20130412_065034_22918.jpg,Mototopo
Mototopo/20130412_065545_23874.jpg,Mototopo
Mototopo/20130412_065600_23822.jpg,Mototopo
Mototopo/20130412_065652_24313.jpg,Mototopo
Mototopo/20130412_065811_24455.jpg,Mototopo
Mototopo/20130412_070643_25975.jpg,Mototopo
Mototopo/20130412_071315_27875.jpg,Mototopo
Mototopo/20130412_071336_28265.jpg,Mototopo
Mototopo/20130412_071420_28434.jpg,Mototopo
Mototopo/20130412_071641_28863.jpg,Mototopo
Mototopo/20130412_071807_29082.jpg,Mototopo
Mototopo/20130412_072056_29673.jpg,Mototopo
Mototopo/20130412_072140_29856.jpg,Mototopo
Mototopo/20130412_072200_29846.jpg,Mototopo
Mototopo/20130412_072228_29837.jpg,Mototopo
Mototopo/20130412_072255_29983.jpg,Mototopo
Mototopo/20130412_072327_30041.jpg,Mototopo
Mototopo/20130412_072359_30243.jpg,Mototopo
Mototopo/20130412_072821_30727.jpg,Mototopo
Mototopo/20130412_073056_31168.jpg,Mototopo
Mototopo/20130412_073058_31473.jpg,Mototopo
Mototopo/20130412_073658_32610.jpg,Mototopo
Mototopo/20130412_073759_32621.jpg,Mototopo
Mototopo/20130412_074109_33308.jpg,Mototopo
Mototopo/20130412_074152_33800.jpg,Mototopo
Mototopo/20130412_074201_33597.jpg,Mototopo
Mototopo/20130412_074557_34617.jpg,Mototopo
Mototopo/20130412_075029_35345.jpg,Mototopo
Mototopo/20130412_075204_35873.jpg,Mototopo
Mototopo/20130412_075256_35832.jpg,Mototopo
Mototopo/20130412_075333_36158.jpg,Mototopo
Mototopo/20130412_075454_36456.jpg,Mototopo
Mototopo/20130412_075713_36805.jpg,Mototopo
Mototopo/20130412_080145_38155.jpg,Mototopo
Mototopo/20130412_080145_38257.jpg,Mototopo
Mototopo/20130412_080207_38377.jpg,Mototopo
Mototopo/20130412_080222_38472.jpg,Mototopo
Mototopo/20130412_080248_38549.jpg,Mototopo
Mototopo/20130412_080339_38610.jpg,Mototopo
Mototopo/20130412_080434_38677.jpg,Mototopo
Mototopo/20130412_080904_39865.jpg,Mototopo
Mototopo/20130412_080943_40060.jpg,Mototopo
Mototopo/20130412_081128_40631.jpg,Mototopo
Mototopo/20130412_081448_41161.jpg,Mototopo
Mototopo/20130412_081455_41213.jpg,Mototopo
Mototopo/20130412_081742_42423.jpg,Mototopo
Mototopo/20130412_081928_42817.jpg,Mototopo
Mototopo/20130412_082017_43047.jpg,VaporettoACTV
Mototopo/20130412_082034_43020.jpg,Mototopo
Mototopo/20130412_082056_43026.jpg,Mototopo
Mototopo/20130412_082139_43439.jpg,Mototopo
Mototopo/20130412_082404_43947.jpg,Mototopo
Mototopo/20130412_082420_43977.jpg,Mototopo
Mototopo/20130412_082436_43972.jpg,Mototopo
Mototopo/20130412_082637_44411.jpg,Mototopo
Mototopo/20130412_082659_44464.jpg,Mototopo
Mototopo/20130412_082816_44854.jpg,Mototopo
Mototopo/20130412_082917_44970.jpg,Mototopo
Mototopo/20130412_082919_45302.jpg,Mototopo
Mototopo/20130412_083101_45473.jpg,Mototopo
Mototopo/20130412_083137_45634.jpg,Mototopo
Mototopo/20130412_083306_45898.jpg,Mototopo
Mototopo/20130412_083324_46160.jpg,Mototopo
Mototopo/20130412_083325_46090.jpg,Mototopo
Mototopo/20130412_083530_46504.jpg,Mototopo
Mototopo/20130412_083826_47012.jpg,Mototopo
Mototopo/20130412_083915_47262.jpg,Mototopo
Mototopo/20130412_084056_47639.jpg,Mototopo
Mototopo/20130412_084202_48124.jpg,Mototopo
Mototopo/20130412_084218_48213.jpg,Mototopo
Mototopo/20130412_084253_48373.jpg,Mototopo
Mototopo/20130412_084457_48642.jpg,Mototopo
Mototopo/20130412_084658_49246.jpg,Mototopo
Mototopo/20130412_085116_50300.jpg,Mototopo
Mototopo/20130412_085310_50656.jpg,Mototopo
Mototopo/20130412_085403_50723.jpg,Mototopo
Mototopo/20130412_085618_50976.jpg,Mototopo
Mototopo/20130412_090142_51886.jpg,Mototopo
Mototopo/20130412_090608_52956.jpg,Mototopo
Mototopo/20130412_090821_53870.jpg,Mototopo
Mototopo/20130412_090924_54187.jpg,Mototopo
Mototopo/20130412_091136_54515.jpg,Mototopo
Mototopo/20130412_091523_55366.jpg,Mototopo
Mototopo/20130412_091532_55335.jpg,Mototopo
Mototopo/20130412_091606_55476.jpg,Mototopo
Mototopo/20130412_091707_55626.jpg,Mototopo
Mototopo/20130412_091751_56112.jpg,Mototopo
Mototopo/20130412_091956_56540.jpg,Mototopo
Mototopo/20130412_092233_57062.jpg,Mototopo
Mototopo/20130412_092424_57263.jpg,Mototopo
Mototopo/20130412_092558_57612.jpg,Mototopo
Mototopo/20130412_092858_58458.jpg,Mototopo
Mototopo/20130412_092901_58540.jpg,Mototopo
Mototopo/20130412_092905_58496.jpg,Mototopo
Mototopo/20130412_093316_59361.jpg,Mototopo
Mototopo/20130412_093727_60891.jpg,Mototopo
Mototopo/20130412_093737_60911.jpg,Mototopo
Mototopo/20130412_093747_60959.jpg,Mototopo
Mototopo/20130412_094114_61762.jpg,Mototopo
Mototopo/20130412_094125_61721.jpg,Mototopo
Mototopo/20130412_094348_62639.jpg,Mototopo
Mototopo/20130412_094728_63280.jpg,Mototopo
Mototopo/20130412_095059_63724.jpg,Mototopo
Mototopo/20130412_095113_63901.jpg,Mototopo
Mototopo/20130412_095644_65052.jpg,Mototopo
Mototopo/20130412_100042_65789.jpg,Mototopo
Mototopo/20130412_100227_66135.jpg,Mototopo
Mototopo/20130412_100422_66466.jpg,Mototopo
Mototopo/20130412_100422_66469.jpg,Mototopo
Mototopo/20130412_100504_66653.jpg,Mototopo
Mototopo/20130412_100541_66913.jpg,Lanciafino10mBianca
Mototopo/20130412_100549_66895.jpg,Mototopo
Mototopo/20130412_100857_67827.jpg,Mototopo
Mototopo/20130412_101213_68585.jpg,Mototopo
Mototopo/20130412_102304_71254.jpg,Mototopo
Mototopo/20130412_103559_73914.jpg,Mototopo
Mototopo/20130412_104841_77345.jpg,Mototopo
Mototopo/20130412_105046_77722.jpg,Mototopo
Mototopo/20130412_105228_77929.jpg,Mototopo
Mototopo/20130412_105623_78788.jpg,Mototopo
Mototopo/20130412_105823_79074.jpg,Mototopo
Mototopo/20130412_110016_79532.jpg,Mototopo
Mototopo/20130412_110039_79528.jpg,Mototopo
Mototopo/20130412_110432_80231.jpg,Mototopo
Mototopo/20130412_110617_80410.jpg,Mototopo
Mototopo/20130412_110636_80518.jpg,Mototopo
Mototopo/20130412_110636_80600.jpg,Mototopo
Mototopo/20130412_110638_80579.jpg,Mototopo
Mototopo/20130412_111012_81602.jpg,Mototopo
Mototopo/20130412_111012_81611.jpg,Mototopo
Mototopo/20130412_111728_83200.jpg,Mototopo
Mototopo/20130412_111836_83898.jpg,Mototopo
Mototopo/20130412_111838_83906.jpg,Mototopo
Mototopo/20130412_112013_84114.jpg,Mototopo
Mototopo/20130412_112023_84125.jpg,Mototopo
Mototopo/20130412_112629_85660.jpg,Mototopo
Mototopo/20130412_112744_85735.jpg,Mototopo
Mototopo/20130412_112857_86156.jpg,Mototopo
Mototopo/20130412_113424_88041.jpg,Mototopo
Mototopo/20130412_114109_89386.jpg,Mototopo
Mototopo/20130412_114836_90911.jpg,Mototopo
Mototopo/20130412_115128_91745.jpg,Mototopo
Mototopo/20130412_115315_92119.jpg,Mototopo
Mototopo/20130412_120241_93686.jpg,Mototopo
Mototopo/20130412_120312_93704.jpg,Mototopo
Mototopo/20130412_120414_94151.jpg,Mototopo
Mototopo/20130412_120700_94637.jpg,Mototopo
Mototopo/20130412_121227_95653.jpg,Mototopo
Mototopo/20130412_122258_97742.jpg,Mototopo
Mototopo/20130412_122808_99204.jpg,Mototopo
Mototopo/20130412_123314_00159.jpg,Mototopo
Mototopo/20130412_125044_04471.jpg,Mototopo
Mototopo/20130412_125354_05408.jpg,Mototopo
Mototopo/20130412_130650_07939.jpg,Mototopo
Mototopo/20130412_130844_08226.jpg,Mototopo
Mototopo/20130412_130936_08349.jpg,Mototopo
Mototopo/20130412_132358_11860.jpg,Mototopo
Mototopo/20130412_132609_12210.jpg,Mototopo
Mototopo/20130412_132648_12499.jpg,Mototopo
Mototopo/20130412_132714_12488.jpg,Mototopo
Mototopo/20130412_132729_12602.jpg,Mototopo
Mototopo/20130412_134023_15064.jpg,Mototopo
Mototopo/20130412_134503_15834.jpg,Mototopo
Mototopo/20130412_134517_15958.jpg,Mototopo
Mototopo/20130412_135307_17890.jpg,Mototopo
Mototopo/20130412_135404_17976.jpg,Mototopo
Mototopo/20130412_140152_20057.jpg,Mototopo
Mototopo/20130412_140156_20164.jpg,Mototopo
Mototopo/20130412_141235_22196.jpg,Mototopo
Mototopo/20130412_141237_22143.jpg,Mototopo
Mototopo/20130412_143326_26206.jpg,Mototopo
Mototopo/20130412_143607_26710.jpg,Mototopo
Mototopo/20130412_143610_26718.jpg,Mototopo
Mototopo/20130412_143715_26720.jpg,Mototopo
Mototopo/20130412_143905_27030.jpg,Mototopo
Mototopo/20130412_144805_28405.jpg,Mototopo
Mototopo/20130412_144814_28539.jpg,Mototopo
Mototopo/20130412_151005_32590.jpg,Mototopo
Mototopo/20130412_151523_33500.jpg,Mototopo
Mototopo/20130412_151617_33518.jpg,Mototopo
Mototopo/20130412_151828_34265.jpg,Mototopo
Mototopo/20130412_153051_36701.jpg,Mototopo
Mototopo/20130412_153627_37504.jpg,Mototopo
Patanella/20130412_043904_55704.jpg,Lanciafino10mBianca
Patanella/20130412_045639_58222.jpg,Patanella
Patanella/20130412_045643_58230.jpg,Patanella
Patanella/20130412_051612_01908.jpg,Lanciafino10mBianca
Patanella/20130412_052218_03114.jpg,Mototopo
Patanella/20130412_053820_05593.jpg,Mototopo
Patanella/20130412_060641_11224.jpg,Mototopo
Patanella/20130412_061855_14443.jpg,Mototopo
Patanella/20130412_062003_14623.jpg,Lanciafino10mMarrone
Patanella/20130412_062604_15716.jpg,Lanciafino10mBianca
Patanella/20130412_062733_16269.jpg,Mototopo
Patanella/20130412_062751_16484.jpg,Mototopo
Patanella/20130412_063019_17053.jpg,Mototopo
Patanella/20130412_065337_23282.jpg,Mototopo
Patanella/20130412_065339_23303.jpg,Mototopo
Patanella/20130412_065633_24159.jpg,Mototopo
Patanella/20130412_065636_24225.jpg,Mototopo
Patanella/20130412_065916_24474.jpg,Mototopo
Patanella/20130412_065919_24735.jpg,Mototopo
Patanella/20130412_070221_25317.jpg,Mototopo
Patanella/20130412_071428_28409.jpg,Mototopo
Patanella/20130412_071514_28541.jpg,Mototopo
Patanella/20130412_071517_28698.jpg,Mototopo
Patanella/20130412_072306_30090.jpg,Mototopo
Patanella/20130412_073339_32103.jpg,Mototopo
Patanella/20130412_074725_34745.jpg,Mototopo
Patanella/20130412_075321_36001.jpg,Mototopo
Patanella/20130412_075420_36311.jpg,Mototopo
Patanella/20130412_075423_36335.jpg,Mototopo
Patanella/20130412_075450_36386.jpg,Mototopo
Patanella/20130412_075650_36825.jpg,Mototopo
Patanella/20130412_075712_36951.jpg,Mototopo
Patanella/20130412_080811_39919.jpg,Mototopo
Patanella/20130412_080924_40001.jpg,Mototopo
Patanella/20130412_080936_40054.jpg,Mototopo
Patanella/20130412_081836_42805.jpg,Lanciafino10mBianca
Patanella/20130412_082323_43932.jpg,Mototopo
Patanella/20130412_082950_45395.jpg,Mototopo
Patanella/20130412_085505_50744.jpg,Mototopo
Patanella/20130412_085759_51287.jpg,Mototopo
Patanella/20130412_090057_51512.jpg,Mototopo
Patanella/20130412_090756_53684.jpg,Mototopo
Patanella/20130412_090759_53703.jpg,Patanella
Patanella/20130412_091216_54688.jpg,Mototopo
Patanella/20130412_091335_54982.jpg,Mototopo
Patanella/20130412_091702_55657.jpg,Mototopo
Patanella/20130412_093615_60438.jpg,Mototopo
Patanella/20130412_093945_61416.jpg,Mototopo
Patanella/20130412_094748_63416.jpg,Mototopo
Patanella/20130412_100326_66144.jpg,Mototopo
Patanella/20130412_101608_69446.jpg,Mototopo
Patanella/20130412_103937_74813.jpg,Mototopo
Patanella/20130412_110732_80805.jpg,Mototopo
Patanella/20130412_110845_81154.jpg,Mototopo
Patanella/20130412_111914_83979.jpg,Mototopo
Patanella/20130412_111916_84030.jpg,Mototopo
Patanella/20130412_112047_84338.jpg,Mototopo
Patanella/20130412_112510_85391.jpg,Mototopo
Patanella/20130412_113223_87524.jpg,Lanciafino10mMarrone
Patanella/20130412_114252_89635.jpg,Mototopo
Patanella/20130412_115630_92381.jpg,Mototopo
Patanella/20130412_115742_92599.jpg,Mototopo
Patanella/20130412_130439_07178.jpg,Mototopo
Patanella/20130412_130836_08199.jpg,Mototopo
Patanella/20130412_131729_09857.jpg,Mototopo
Patanella/20130412_131734_09942.jpg,Mototopo
Patanella/20130412_132737_12777.jpg,Mototopo
Patanella/20130412_135600_18742.jpg,Mototopo
Patanella/20130412_142951_25734.jpg,Mototopo
Patanella/20130412_143042_25732.jpg,Mototopo
Patanella/20130412_144742_28400.jpg,Mototopo
Patanella/20130412_145033_29134.jpg,Mototopo
Patanella/20130412_145202_29355.jpg,Mototopo
Patanella/20130412_152756_35918.jpg,Mototopo
Polizia/20130412_064127_20371.jpg,Mototopo
Polizia/20130412_064335_20787.jpg,Lanciafino10mBianca
Polizia/20130412_065615_24055.jpg,Mototopo
Polizia/20130412_073326_31998.jpg,Mototopo
Polizia/20130412_073500_32261.jpg,Mototopo
Polizia/20130412_081621_42267.jpg,Mototopo
Polizia/20130412_091047_54416.jpg,Lanciafino10mBianca
Polizia/20130412_091927_56365.jpg,Mototopo
Polizia/20130412_094205_62131.jpg,Mototopo
Polizia/20130412_094208_62170.jpg,Lanciafino10mBianca
Polizia/20130412_103328_73284.jpg,Mototopo
Polizia/20130412_111019_81624.jpg,Mototopo
Polizia/20130412_120144_93452.jpg,Mototopo
Polizia/20130412_145706_29991.jpg,Mototopo
Polizia/20130412_153208_37073.jpg,Lanciafino10mBianca
Raccoltarifiuti/20130412_055638_08866.jpg,Mototopo
Raccoltarifiuti/20130412_055850_09721.jpg,Mototopo
Raccoltarifiuti/20130412_061347_12868.jpg,Mototopo
Raccoltarifiuti/20130412_061350_13042.jpg,Mototopo
Raccoltarifiuti/20130412_073205_31575.jpg,Mototopo
Raccoltarifiuti/20130412_075928_37656.jpg,Mototopo
Raccoltarifiuti/20130412_080604_38937.jpg,Mototopo
Raccoltarifiuti/20130412_080728_39449.jpg,Mototopo
Raccoltarifiuti/20130412_081306_40972.jpg,Mototopo
Raccoltarifiuti/20130412_081457_41285.jpg,Mototopo
Raccoltarifiuti/20130412_083831_47183.jpg,Mototopo
Raccoltarifiuti/20130412_084121_47807.jpg,Mototopo
Raccoltarifiuti/20130412_084835_49658.jpg,Mototopo
Raccoltarifiuti/20130412_084837_49642.jpg,Mototopo
Raccoltarifiuti/20130412_085147_50564.jpg,Mototopo
Raccoltarifiuti/20130412_090154_51793.jpg,Mototopo
Raccoltarifiuti/20130412_090916_54003.jpg,Mototopo
Raccoltarifiuti/20130412_092331_56962.jpg,Mototopo
Raccoltarifiuti/20130412_144954_28901.jpg,Mototopo
Sandoloaremi/20130412_103149_72820.jpg,Mototopo
Sandoloaremi/20130412_133104_13242.jpg,Mototopo
Sandoloaremi/20130412_133105_13243.jpg,Patanella
Topa/20130412_054848_07608.jpg,Mototopo
Topa/20130412_062157_14956.jpg,Patanella
Topa/20130412_063235_17898.jpg,Mototopo
Topa/20130412_063823_19579.jpg,Mototopo
Topa/20130412_063826_19692.jpg,Mototopo
Topa/20130412_064903_22634.jpg,Mototopo
Topa/20130412_064907_22639.jpg,Mototopo
Topa/20130412_070523_25968.jpg,Mototopo
Topa/20130412_070643_26016.jpg,Mototopo
Topa/20130412_072526_30418.jpg,Mototopo
Topa/20130412_085203_50558.jpg,Mototopo
Topa/20130412_091212_54619.jpg,Mototopo
Topa/20130412_092356_57207.jpg,Mototopo
Topa/20130412_095550_64482.jpg,Mototopo
Topa/20130412_100814_67578.jpg,Lanciafino10mBianca
Topa/20130412_101242_68765.jpg,Mototopo
Topa/20130412_103250_73245.jpg,Mototopo
Topa/20130412_103752_74568.jpg,Mototopo
Topa/20130412_111753_83602.jpg,Lanciafino10mBianca
Topa/20130412_114707_90649.jpg,Mototopo
Topa/20130412_120901_94972.jpg,Mototopo
Topa/20130412_121044_95159.jpg,Mototopo
Topa/20130412_121044_95383.jpg,Mototopo
Topa/20130412_125445_05630.jpg,Mototopo
Topa/20130412_131716_09781.jpg,Mototopo
Topa/20130412_131959_10722.jpg,Lanciafino10mBianca
Topa/20130412_132001_10794.jpg,Mototopo
Topa/20130412_132651_12539.jpg,Mototopo
Topa/20130412_153019_36657.jpg,Mototopo
VaporettoACTV/20130412_043148_54819.jpg,VaporettoACTV
VaporettoACTV/20130412_043430_55283.jpg,VaporettoACTV
VaporettoACTV/20130412_043628_55505.jpg,VaporettoACTV
VaporettoACTV/20130412_044234_56190.jpg,VaporettoACTV
VaporettoACTV/20130412_044521_56626.jpg,VaporettoACTV
VaporettoACTV/20130412_044600_56757.jpg,VaporettoACTV
VaporettoACTV/20130412_044824_56992.jpg,VaporettoACTV
VaporettoACTV/20130412_044827_56976.jpg,VaporettoACTV
VaporettoACTV/20130412_045048_57097.jpg,VaporettoACTV
VaporettoACTV/20130412_045406_57778.jpg,VaporettoACTV
VaporettoACTV/20130412_045511_57794.jpg,VaporettoACTV
VaporettoACTV/20130412_045631_57869.jpg,VaporettoACTV
VaporettoACTV/20130412_051118_00868.jpg,VaporettoACTV
VaporettoACTV/20130412_051155_00891.jpg,VaporettoACTV
VaporettoACTV/20130412_051347_01468.jpg,VaporettoACTV
VaporettoACTV/20130412_051508_01662.jpg,VaporettoACTV
VaporettoACTV/20130412_051822_02253.jpg,VaporettoACTV
VaporettoACTV/20130412_052033_02753.jpg,VaporettoACTV
VaporettoACTV/20130412_052120_02874.jpg,VaporettoACTV
VaporettoACTV/20130412_052425_03297.jpg,VaporettoACTV
VaporettoACTV/20130412_052449_03347.jpg,VaporettoACTV
VaporettoACTV/20130412_052726_03876.jpg,VaporettoACTV
VaporettoACTV/20130412_053035_04213.jpg,VaporettoACTV
VaporettoACTV/20130412_053242_04691.jpg,VaporettoACTV
VaporettoACTV/20130412_053605_05226.jpg,VaporettoACTV
VaporettoACTV/20130412_053716_05640.jpg,VaporettoACTV
VaporettoACTV/20130412_053831_05747.jpg,VaporettoACTV
VaporettoACTV/20130412_054129_06526.jpg,VaporettoACTV
VaporettoACTV/20130412_054528_07123.jpg,VaporettoACTV
VaporettoACTV/20130412_054648_07217.jpg,VaporettoACTV
VaporettoACTV/20130412_054705_07277.jpg,VaporettoACTV
VaporettoACTV/20130412_054826_07520.jpg,VaporettoACTV
VaporettoACTV/20130412_055121_07913.jpg,VaporettoACTV
VaporettoACTV/20130412_055157_07931.jpg,VaporettoACTV
VaporettoACTV/20130412_055438_08454.jpg,VaporettoACTV
VaporettoACTV/20130412_055537_08595.jpg,VaporettoACTV
VaporettoACTV/20130412_055702_09194.jpg,VaporettoACTV
VaporettoACTV/20130412_055747_09382.jpg,VaporettoACTV
VaporettoACTV/20130412_060037_09968.jpg,VaporettoACTV
VaporettoACTV/20130412_060343_10436.jpg,VaporettoACTV
VaporettoACTV/20130412_060516_10712.jpg,VaporettoACTV
VaporettoACTV/20130412_060516_10739.jpg,VaporettoACTV
VaporettoACTV/20130412_060540_10993.jpg,VaporettoACTV
VaporettoACTV/20130412_060709_11556.jpg,VaporettoACTV
VaporettoACTV/20130412_060839_11890.jpg,VaporettoACTV
VaporettoACTV/20130412_061035_12234.jpg,VaporettoACTV
VaporettoACTV/20130412_061037_12308.jpg,VaporettoACTV
VaporettoACTV/20130412_061058_12354.jpg,VaporettoACTV
VaporettoACTV/20130412_061101_12418.jpg,VaporettoACTV
VaporettoACTV/20130412_061435_13247.jpg,VaporettoACTV
VaporettoACTV/20130412_061710_14103.jpg,VaporettoACTV
VaporettoACTV/20130412_061728_14274.jpg,VaporettoACTV
VaporettoACTV/20130412_061754_14323.jpg,VaporettoACTV
VaporettoACTV/20130412_061853_14356.jpg,VaporettoACTV
VaporettoACTV/20130412_062116_14790.jpg,VaporettoACTV
VaporettoACTV/20130412_062213_14967.jpg,VaporettoACTV
VaporettoACTV/20130412_062827_16734.jpg,VaporettoACTV
VaporettoACTV/20130412_062832_16848.jpg,VaporettoACTV
VaporettoACTV/20130412_063055_17143.jpg,VaporettoACTV
VaporettoACTV/20130412_063442_18413.jpg,VaporettoACTV
VaporettoACTV/20130412_063459_18551.jpg,VaporettoACTV
VaporettoACTV/20130412_063649_19365.jpg,VaporettoACTV
VaporettoACTV/20130412_064227_20398.jpg,VaporettoACTV
VaporettoACTV/20130412_064503_21255.jpg,VaporettoACTV
VaporettoACTV/20130412_064650_21457.jpg,VaporettoACTV
VaporettoACTV/20130412_064719_21982.jpg,VaporettoACTV
VaporettoACTV/20130412_065002_22737.jpg,VaporettoACTV
VaporettoACTV/20130412_065410_23348.jpg,VaporettoACTV
VaporettoACTV/20130412_065441_23315.jpg,VaporettoACTV
VaporettoACTV/20130412_065506_23377.jpg,VaporettoACTV
VaporettoACTV/20130412_065643_24240.jpg,VaporettoACTV
VaporettoACTV/20130412_070107_24887.jpg,VaporettoACTV
VaporettoACTV/20130412_070542_25983.jpg,VaporettoACTV
VaporettoACTV/20130412_070652_26196.jpg,VaporettoACTV
VaporettoACTV/20130412_070711_26183.jpg,VaporettoACTV
VaporettoACTV/20130412_071102_27588.jpg,VaporettoACTV
VaporettoACTV/20130412_071739_29167.jpg,VaporettoACTV
VaporettoACTV/20130412_071812_29208.jpg,VaporettoACTV
VaporettoACTV/20130412_072256_29987.jpg,VaporettoACTV
VaporettoACTV/20130412_072527_30369.jpg,VaporettoACTV
VaporettoACTV/20130412_072731_30578.jpg,VaporettoACTV
VaporettoACTV/20130412_072810_30658.jpg,VaporettoACTV
VaporettoACTV/20130412_072814_30699.jpg,VaporettoACTV
VaporettoACTV/20130412_072815_30655.jpg,VaporettoACTV
VaporettoACTV/20130412_073152_31672.jpg,VaporettoACTV
VaporettoACTV/20130412_073444_32251.jpg,VaporettoACTV
VaporettoACTV/20130412_073650_32473.jpg,VaporettoACTV
VaporettoACTV/20130412_074031_33298.jpg,VaporettoACTV
VaporettoACTV/20130412_074436_34309.jpg,VaporettoACTV
VaporettoACTV/20130412_074703_34714.jpg,VaporettoACTV
VaporettoACTV/20130412_074904_35212.jpg,VaporettoACTV
VaporettoACTV/20130412_075143_35820.jpg,VaporettoACTV
VaporettoACTV/20130412_075350_35923.jpg,VaporettoACTV
VaporettoACTV/20130412_075440_36355.jpg,VaporettoACTV
VaporettoACTV/20130412_075459_36410.jpg,VaporettoACTV
VaporettoACTV/20130412_075808_37122.jpg,VaporettoACTV
VaporettoACTV/20130412_075940_37759.jpg,VaporettoACTV
VaporettoACTV/20130412_080102_38075.jpg,VaporettoACTV
VaporettoACTV/20130412_080545_39029.jpg,VaporettoACTV
VaporettoACTV/20130412_080608_39026.jpg,VaporettoACTV
VaporettoACTV/20130412_080611_39138.jpg,VaporettoACTV
VaporettoACTV/20130412_080848_39898.jpg,VaporettoACTV
VaporettoACTV/20130412_081111_40377.jpg,VaporettoACTV
VaporettoACTV/20130412_081253_40798.jpg,VaporettoACTV
VaporettoACTV/20130412_081318_40941.jpg,VaporettoACTV
VaporettoACTV/20130412_081510_41428.jpg,VaporettoACTV
VaporettoACTV/20130412_082011_43033.jpg,VaporettoACTV
VaporettoACTV/20130412_082310_43859.jpg,VaporettoACTV
VaporettoACTV/20130412_082802_44891.jpg,VaporettoACTV
VaporettoACTV/20130412_082841_44920.jpg,VaporettoACTV
VaporettoACTV/20130412_082937_45350.jpg,VaporettoACTV
VaporettoACTV/20130412_083147_45666.jpg,VaporettoACTV
VaporettoACTV/20130412_083300_45953.jpg,VaporettoACTV
VaporettoACTV/20130412_083335_46216.jpg,VaporettoACTV
VaporettoACTV/20130412_083925_47273.jpg,VaporettoACTV
VaporettoACTV/20130412_084339_48540.jpg,VaporettoACTV
VaporettoACTV/20130412_084730_49398.jpg,VaporettoACTV
VaporettoACTV/20130412_084805_49548.jpg,VaporettoACTV
VaporettoACTV/20130412_085204_50419.jpg,VaporettoACTV
VaporettoACTV/20130412_085224_50538.jpg,VaporettoACTV
VaporettoACTV/20130412_085708_51214.jpg,VaporettoACTV
VaporettoACTV/20130412_085954_51460.jpg,VaporettoACTV
VaporettoACTV/20130412_090124_51532.jpg,VaporettoACTV
VaporettoACTV/20130412_090354_52591.jpg,VaporettoACTV
VaporettoACTV/20130412_090523_52997.jpg,VaporettoACTV
VaporettoACTV/20130412_090825_53884.jpg,VaporettoACTV
VaporettoACTV/20130412_091223_54727.jpg,VaporettoACTV
VaporettoACTV/20130412_091359_54970.jpg,VaporettoACTV
VaporettoACTV/20130412_091456_55210.jpg,VaporettoACTV
VaporettoACTV/20130412_091621_55544.jpg,VaporettoACTV
VaporettoACTV/20130412_091632_55577.jpg,VaporettoACTV
VaporettoACTV/20130412_091645_55576.jpg,VaporettoACTV
VaporettoACTV/20130412_091746_56030.jpg,VaporettoACTV
VaporettoACTV/20130412_092128_56729.jpg,VaporettoACTV
VaporettoACTV/20130412_092511_57235.jpg,VaporettoACTV
VaporettoACTV/20130412_092659_57754.jpg,VaporettoACTV
VaporettoACTV/20130412_092819_58384.jpg,VaporettoACTV
VaporettoACTV/20130412_092955_58662.jpg,VaporettoACTV
VaporettoACTV/20130412_093410_59476.jpg,VaporettoACTV
VaporettoACTV/20130412_093504_59962.jpg,VaporettoACTV
VaporettoACTV/20130412_093625_60271.jpg,VaporettoACTV
VaporettoACTV/20130412_093713_60800.jpg,VaporettoACTV
VaporettoACTV/20130412_093820_61149.jpg,VaporettoACTV
VaporettoACTV/20130412_094140_61830.jpg,VaporettoACTV
VaporettoACTV/20130412_094317_62325.jpg,VaporettoACTV
VaporettoACTV/20130412_094403_62640.jpg,VaporettoACTV
VaporettoACTV/20130412_094857_63448.jpg,VaporettoACTV
VaporettoACTV/20130412_094905_63560.jpg,VaporettoACTV
VaporettoACTV/20130412_095250_63988.jpg,VaporettoACTV
VaporettoACTV/20130412_095323_63969.jpg,VaporettoACTV
VaporettoACTV/20130412_095359_64044.jpg,VaporettoACTV
VaporettoACTV/20130412_095359_64261.jpg,VaporettoACTV
VaporettoACTV/20130412_095509_64399.jpg,VaporettoACTV
VaporettoACTV/20130412_095549_64552.jpg,VaporettoACTV
VaporettoACTV/20130412_095551_64560.jpg,VaporettoACTV
VaporettoACTV/20130412_095836_65356.jpg,VaporettoACTV
VaporettoACTV/20130412_100318_66157.jpg,VaporettoACTV
VaporettoACTV/20130412_100621_67095.jpg,VaporettoACTV
VaporettoACTV/20130412_100701_67200.jpg,VaporettoACTV
VaporettoACTV/20130412_100708_67236.jpg,VaporettoACTV
VaporettoACTV/20130412_101052_68387.jpg,VaporettoACTV
VaporettoACTV/20130412_101520_69258.jpg,VaporettoACTV
VaporettoACTV/20130412_101546_69143.jpg,VaporettoACTV
VaporettoACTV/20130412_101733_70039.jpg,VaporettoACTV
VaporettoACTV/20130412_101900_70418.jpg,VaporettoACTV
VaporettoACTV/20130412_102009_70590.jpg,VaporettoACTV
VaporettoACTV/20130412_102242_71114.jpg,VaporettoACTV
VaporettoACTV/20130412_102500_71624.jpg,VaporettoACTV
VaporettoACTV/20130412_102504_71885.jpg,VaporettoACTV
VaporettoACTV/20130412_102615_72194.jpg,VaporettoACTV
VaporettoACTV/20130412_102728_72327.jpg,VaporettoACTV
VaporettoACTV/20130412_103138_72883.jpg,VaporettoACTV
VaporettoACTV/20130412_103303_73198.jpg,VaporettoACTV
VaporettoACTV/20130412_103408_73448.jpg,VaporettoACTV
VaporettoACTV/20130412_103445_73564.jpg,VaporettoACTV
VaporettoACTV/20130412_103659_74070.jpg,VaporettoACTV
VaporettoACTV/20130412_103701_74127.jpg,VaporettoACTV
VaporettoACTV/20130412_104026_74773.jpg,VaporettoACTV
VaporettoACTV/20130412_104843_77356.jpg,VaporettoACTV
VaporettoACTV/20130412_105502_78425.jpg,VaporettoACTV
VaporettoACTV/20130412_105521_78603.jpg,VaporettoACTV
VaporettoACTV/20130412_105522_78751.jpg,VaporettoACTV
VaporettoACTV/20130412_105638_78915.jpg,VaporettoACTV
VaporettoACTV/20130412_105752_78936.jpg,VaporettoACTV
VaporettoACTV/20130412_110113_79577.jpg,VaporettoACTV
VaporettoACTV/20130412_110314_80066.jpg,VaporettoACTV
VaporettoACTV/20130412_110621_80516.jpg,VaporettoACTV
VaporettoACTV/20130412_110739_80606.jpg,VaporettoACTV
VaporettoACTV/20130412_111133_81780.jpg,VaporettoACTV
VaporettoACTV/20130412_111142_82196.jpg,VaporettoACTV
VaporettoACTV/20130412_111315_82677.jpg,VaporettoACTV
VaporettoACTV/20130412_111445_82898.jpg,VaporettoACTV
VaporettoACTV/20130412_111617_83055.jpg,VaporettoACTV
VaporettoACTV/20130412_111626_83301.jpg,VaporettoACTV
VaporettoACTV/20130412_112124_84518.jpg,VaporettoACTV
VaporettoACTV/20130412_112323_85156.jpg,VaporettoACTV
VaporettoACTV/20130412_112325_85164.jpg,VaporettoACTV
VaporettoACTV/20130412_112421_85237.jpg,VaporettoACTV
VaporettoACTV/20130412_112421_85299.jpg,VaporettoACTV
VaporettoACTV/20130412_112556_85446.jpg,VaporettoACTV
VaporettoACTV/20130412_113011_86685.jpg,VaporettoACTV
VaporettoACTV/20130412_113251_87375.jpg,VaporettoACTV
VaporettoACTV/20130412_113402_87939.jpg,VaporettoACTV
VaporettoACTV/20130412_113437_88075.jpg,VaporettoACTV
VaporettoACTV/20130412_113533_88196.jpg,VaporettoACTV
VaporettoACTV/20130412_114010_89215.jpg,VaporettoACTV
VaporettoACTV/20130412_114218_89138.jpg,VaporettoACTV
VaporettoACTV/20130412_114353_89764.jpg,VaporettoACTV
VaporettoACTV/20130412_114430_90006.jpg,VaporettoACTV
VaporettoACTV/20130412_114702_90635.jpg,VaporettoACTV
VaporettoACTV/20130412_114943_91347.jpg,VaporettoACTV
VaporettoACTV/20130412_115048_91748.jpg,VaporettoACTV
VaporettoACTV/20130412_115412_92133.jpg,VaporettoACTV
VaporettoACTV/20130412_115421_92134.jpg,VaporettoACTV
VaporettoACTV/20130412_115655_92270.jpg,VaporettoACTV
VaporettoACTV/20130412_115704_92311.jpg,VaporettoACTV
VaporettoACTV/20130412_115912_92977.jpg,VaporettoACTV
VaporettoACTV/20130412_120037_93218.jpg,VaporettoACTV
VaporettoACTV/20130412_120320_93852.jpg,VaporettoACTV
VaporettoACTV/20130412_120321_93759.jpg,Mototopo
VaporettoACTV/20130412_120358_93854.jpg,VaporettoACTV
VaporettoACTV/20130412_120604_94367.jpg,VaporettoACTV
VaporettoACTV/20130412_120710_94655.jpg,VaporettoACTV
VaporettoACTV/20130412_120713_94719.jpg,VaporettoACTV
VaporettoACTV/20130412_121021_95308.jpg,VaporettoACTV
VaporettoACTV/20130412_121343_95930.jpg,VaporettoACTV
VaporettoACTV/20130412_121500_96212.jpg,VaporettoACTV
VaporettoACTV/20130412_122101_97167.jpg,VaporettoACTV
VaporettoACTV/20130412_122352_97654.jpg,VaporettoACTV
VaporettoACTV/20130412_122352_97982.jpg,VaporettoACTV
VaporettoACTV/20130412_122503_98304.jpg,VaporettoACTV
VaporettoACTV/20130412_122940_99560.jpg,VaporettoACTV
VaporettoACTV/20130412_123000_99512.jpg,VaporettoACTV
VaporettoACTV/20130412_123157_99910.jpg,VaporettoACTV
VaporettoACTV/20130412_123233_00140.jpg,VaporettoACTV
VaporettoACTV/20130412_123502_00885.jpg,VaporettoACTV
VaporettoACTV/20130412_123541_01131.jpg,VaporettoACTV
VaporettoACTV/20130412_123556_01348.jpg,VaporettoACTV
VaporettoACTV/20130412_123558_01137.jpg,VaporettoACTV
VaporettoACTV/20130412_123927_02095.jpg,VaporettoACTV
VaporettoACTV/20130412_124046_02435.jpg,VaporettoACTV
VaporettoACTV/20130412_124058_02560.jpg,VaporettoACTV
VaporettoACTV/20130412_124520_03270.jpg,VaporettoACTV
VaporettoACTV/20130412_124654_03557.jpg,VaporettoACTV
VaporettoACTV/20130412_124842_04095.jpg,VaporettoACTV
VaporettoACTV/20130412_125355_05283.jpg,VaporettoACTV
VaporettoACTV/20130412_125540_05798.jpg,VaporettoACTV
VaporettoACTV/20130412_125756_06198.jpg,VaporettoACTV
VaporettoACTV/20130412_130146_06800.jpg,VaporettoACTV
VaporettoACTV/20130412_130428_07163.jpg,VaporettoACTV
VaporettoACTV/20130412_130543_07668.jpg,VaporettoACTV
VaporettoACTV/20130412_131104_08539.jpg,VaporettoACTV
VaporettoACTV/20130412_131130_08449.jpg,VaporettoACTV
VaporettoACTV/20130412_131418_09258.jpg,VaporettoACTV
VaporettoACTV/20130412_131420_09227.jpg,VaporettoACTV
VaporettoACTV/20130412_131617_09445.jpg,VaporettoACTV
VaporettoACTV/20130412_131858_10236.jpg,VaporettoACTV
VaporettoACTV/20130412_131946_10657.jpg,VaporettoACTV
VaporettoACTV/20130412_132138_11211.jpg,VaporettoACTV
VaporettoACTV/20130412_132510_11866.jpg,VaporettoACTV
VaporettoACTV/20130412_132755_12824.jpg,VaporettoACTV
VaporettoACTV/20130412_133110_13265.jpg,VaporettoACTV
VaporettoACTV/20130412_133113_13234.jpg,VaporettoACTV
VaporettoACTV/20130412_133152_13425.jpg,VaporettoACTV
VaporettoACTV/20130412_133237_13611.jpg,VaporettoACTV
VaporettoACTV/20130412_133439_14302.jpg,VaporettoACTV
VaporettoACTV/20130412_133659_14650.jpg,VaporettoACTV
VaporettoACTV/20130412_134116_15095.jpg,VaporettoACTV
VaporettoACTV/20130412_134458_15865.jpg,VaporettoACTV
VaporettoACTV/20130412_134525_15885.jpg,VaporettoACTV
VaporettoACTV/20130412_134958_17008.jpg,VaporettoACTV
VaporettoACTV/20130412_135129_17339.jpg,VaporettoACTV
VaporettoACTV/20130412_135420_18030.jpg,VaporettoACTV
VaporettoACTV/20130412_140017_19388.jpg,VaporettoACTV
VaporettoACTV/20130412_140033_19869.jpg,VaporettoACTV
VaporettoACTV/20130412_140647_20683.jpg,VaporettoACTV
VaporettoACTV/20130412_140655_20866.jpg,VaporettoACTV
VaporettoACTV/20130412_140704_20930.jpg,VaporettoACTV
VaporettoACTV/20130412_141039_21703.jpg,VaporettoACTV
VaporettoACTV/20130412_141129_21965.jpg,VaporettoACTV
VaporettoACTV/20130412_141310_22249.jpg,VaporettoACTV
VaporettoACTV/20130412_141426_22731.jpg,VaporettoACTV
VaporettoACTV/20130412_141627_22837.jpg,VaporettoACTV
VaporettoACTV/20130412_141739_23381.jpg,VaporettoACTV
VaporettoACTV/20130412_141838_23594.jpg,VaporettoACTV
VaporettoACTV/20130412_142208_24048.jpg,VaporettoACTV
VaporettoACTV/20130412_142212_24143.jpg,VaporettoACTV
VaporettoACTV/20130412_142254_24332.jpg,VaporettoACTV
VaporettoACTV/20130412_142558_25022.jpg,VaporettoACTV
VaporettoACTV/20130412_142815_25279.jpg,VaporettoACTV
VaporettoACTV/20130412_143208_25950.jpg,VaporettoACTV
VaporettoACTV/20130412_143222_25984.jpg,VaporettoACTV
VaporettoACTV/20130412_143328_26211.jpg,VaporettoACTV
VaporettoACTV/20130412_143719_26701.jpg,VaporettoACTV
VaporettoACTV/20130412_143747_26927.jpg,VaporettoACTV
VaporettoACTV/20130412_144056_27392.jpg,VaporettoACTV
VaporettoACTV/20130412_144128_27477.jpg,VaporettoACTV
VaporettoACTV/20130412_144429_28024.jpg,VaporettoACTV
VaporettoACTV/20130412_144533_28111.jpg,VaporettoACTV
VaporettoACTV/20130412_144641_28225.jpg,VaporettoACTV
VaporettoACTV/20130412_144936_28868.jpg,VaporettoACTV
VaporettoACTV/20130412_145329_29465.jpg,VaporettoACTV
VaporettoACTV/20130412_145441_29673.jpg,VaporettoACTV
VaporettoACTV/20130412_145639_29931.jpg,VaporettoACTV
VaporettoACTV/20130412_145713_29997.jpg,VaporettoACTV
VaporettoACTV/20130412_150058_31148.jpg,VaporettoACTV
VaporettoACTV/20130412_150137_31067.jpg,VaporettoACTV
VaporettoACTV/20130412_150345_31340.jpg,VaporettoACTV
VaporettoACTV/20130412_150557_31830.jpg,VaporettoACTV
VaporettoACTV/20130412_150653_32099.jpg,VaporettoACTV
VaporettoACTV/20130412_151009_32633.jpg,VaporettoACTV
VaporettoACTV/20130412_151250_32935.jpg,VaporettoACTV
VaporettoACTV/20130412_151328_33176.jpg,VaporettoACTV
VaporettoACTV/20130412_151330_33154.jpg,VaporettoACTV
VaporettoACTV/20130412_151331_33204.jpg,VaporettoACTV
VaporettoACTV/20130412_151737_34060.jpg,VaporettoACTV
VaporettoACTV/20130412_151959_34446.jpg,VaporettoACTV
VaporettoACTV/20130412_152050_34834.jpg,VaporettoACTV
VaporettoACTV/20130412_152448_35333.jpg,VaporettoACTV
VaporettoACTV/20130412_152541_35436.jpg,VaporettoACTV
VaporettoACTV/20130412_152835_36228.jpg,VaporettoACTV
VaporettoACTV/20130412_153112_36856.jpg,VaporettoACTV
VaporettoACTV/20130412_153428_37300.jpg,VaporettoACTV
VaporettoACTV/20130412_153536_37419.jpg,VaporettoACTV
VaporettoACTV/20130412_153716_37668.jpg,VaporettoACTV
